-- MySQL dump 10.13  Distrib 8.0.19, for macos10.15 (x86_64)
--
-- Host: localhost    Database: fifa19
-- ------------------------------------------------------
-- Server version	8.0.19

/*!40101 SET @OLD_CHARACTER_SET_CLIENT=@@CHARACTER_SET_CLIENT */;
/*!40101 SET @OLD_CHARACTER_SET_RESULTS=@@CHARACTER_SET_RESULTS */;
/*!40101 SET @OLD_COLLATION_CONNECTION=@@COLLATION_CONNECTION */;
/*!50503 SET NAMES utf8 */;
/*!40103 SET @OLD_TIME_ZONE=@@TIME_ZONE */;
/*!40103 SET TIME_ZONE='+00:00' */;
/*!40014 SET @OLD_UNIQUE_CHECKS=@@UNIQUE_CHECKS, UNIQUE_CHECKS=0 */;
/*!40014 SET @OLD_FOREIGN_KEY_CHECKS=@@FOREIGN_KEY_CHECKS, FOREIGN_KEY_CHECKS=0 */;
/*!40101 SET @OLD_SQL_MODE=@@SQL_MODE, SQL_MODE='NO_AUTO_VALUE_ON_ZERO' */;
/*!40111 SET @OLD_SQL_NOTES=@@SQL_NOTES, SQL_NOTES=0 */;

--
-- Table structure for table `player_info`
--

DROP TABLE IF EXISTS `player_info`;
/*!40101 SET @saved_cs_client     = @@character_set_client */;
/*!50503 SET character_set_client = utf8mb4 */;
CREATE TABLE `player_info` (
  `index` bigint DEFAULT NULL,
  `Name` varchar(100) NOT NULL,
  `Age` bigint DEFAULT NULL,
  `Nationality` text,
  `Jersey Number` double DEFAULT NULL,
  `Height` text,
  `Weight` text,
  PRIMARY KEY (`Name`),
  KEY `ix_fifa19_player_info_index` (`index`),
  CONSTRAINT `fk_player_team` FOREIGN KEY (`Name`) REFERENCES `team_info` (`Name`) ON DELETE CASCADE ON UPDATE CASCADE
) ENGINE=InnoDB DEFAULT CHARSET=utf8mb4 COLLATE=utf8mb4_0900_ai_ci;
/*!40101 SET character_set_client = @saved_cs_client */;

--
-- Dumping data for table `player_info`
--

LOCK TABLES `player_info` WRITE;
/*!40000 ALTER TABLE `player_info` DISABLE KEYS */;
INSERT INTO `player_info` VALUES (139,'A.DiMaría',30,'Argentina',11,'5\'11','152lbs'),(18,'A.Griezmann',27,'France',7,'5\'9','161lbs'),(88,'A.Lacazette',27,'France',9,'5\'9','161lbs'),(114,'A.Laporte',24,'France',14,'6\'2','187lbs'),(127,'A.Lopes',27,'Portugal',1,'6\'0','179lbs'),(117,'A.Martial',22,'France',11,'6\'0','168lbs'),(94,'A.Sánchez',29,'Chile',7,'5\'7','163lbs'),(97,'A.Vidal',31,'Chile',8,'5\'11','165lbs'),(144,'A.Witsel',29,'Belgium',6,'6\'2','179lbs'),(65,'AlexSandro',27,'Brazil',12,'5\'11','176lbs'),(113,'AlexTelles',25,'Brazil',13,'5\'11','157lbs'),(82,'Alisson',25,'Brazil',13,'6\'3','201lbs'),(70,'Azpilicueta',28,'Spain',14,'5\'10','168lbs'),(132,'B.Leno',26,'Germany',12,'6\'3','183lbs'),(104,'B.Matuidi',31,'France',14,'5\'11','165lbs'),(57,'BernardoSilva',23,'Portugal',11,'5\'8','141lbs'),(115,'BrunoFernandes',23,'Portugal',8,'5\'10','152lbs'),(32,'C.Eriksen',26,'Denmark',10,'5\'11','168lbs'),(49,'C.Immobile',28,'Italy',17,'6\'1','187lbs'),(124,'Carvajal',26,'Spain',2,'5\'8','161lbs'),(28,'Casemiro',26,'Brazil',14,'6\'1','185lbs'),(33,'Coutinho',26,'Brazil',7,'5\'8','150lbs'),(2,'CristianoRonaldo',33,'Portugal',7,'6\'2','183lbs'),(86,'D.Alaba',26,'Austria',8,'5\'11','168lbs'),(118,'D.Alli',22,'England',20,'6\'2','176lbs'),(13,'D.Godín',32,'Uruguay',10,'6\'2','172lbs'),(51,'D.Mertens',31,'Belgium',14,'5\'7','134lbs'),(145,'D.Payet',31,'France',18,'5\'9','170lbs'),(111,'D.Sánchez',22,'Colombia',23,'6\'2','174lbs'),(14,'DavidSilva',32,'Spain',21,'5\'8','148lbs'),(4,'DeGea',27,'Spain',1,'6\'4','168lbs'),(101,'DiegoCosta',29,'Spain',19,'6\'2','190lbs'),(66,'DouglasCosta',27,'Brazil',11,'5\'8','154lbs'),(143,'E.Banega',30,'Argentina',10,'5\'9','157lbs'),(22,'E.Cavani',31,'Uruguay',21,'6\'1','170lbs'),(99,'E.Džeko',32,'Bosnia Herzegovina',9,'6\'4','185lbs'),(6,'E.Hazard',27,'Belgium',10,'5\'8','163lbs'),(58,'Ederson',24,'Brazil',31,'6\'2','190lbs'),(123,'F.Thauvin',25,'France',20,'5\'10','154lbs'),(119,'Fabinho',24,'Brazil',3,'6\'2','172lbs'),(149,'Falcao',32,'Colombia',9,'5\'10','159lbs'),(76,'Fernandinho',33,'Brazil',25,'5\'10','148lbs'),(107,'FilipeLuís',32,'Brazil',3,'6\'0','163lbs'),(37,'G.Bale',28,'Wales',11,'6\'1','181lbs'),(42,'G.Buffon',40,'Italy',1,'6\'4','203lbs'),(25,'G.Chiellini',33,'Italy',3,'6\'2','187lbs'),(39,'G.Higuaín',30,'Argentina',9,'6\'1','196lbs'),(17,'H.Kane',24,'England',9,'6\'2','196lbs'),(38,'H.Lloris',31,'France',1,'6\'2','181lbs'),(126,'H.Son',25,'Korea Republic',7,'6\'0','143lbs'),(137,'I.Gündoğan',27,'Germany',21,'5\'11','176lbs'),(98,'I.Perišić',29,'Croatia',44,'6\'1','176lbs'),(54,'I.Rakitić',30,'Croatia',4,'6\'0','172lbs'),(131,'IagoAspas',30,'Spain',17,'5\'9','148lbs'),(135,'Illarramendi',28,'Spain',4,'5\'10','165lbs'),(77,'Iniesta',34,'Spain',8,'5\'7','150lbs'),(31,'Isco',26,'Spain',22,'5\'9','174lbs'),(96,'J.Boateng',29,'Germany',17,'6\'4','198lbs'),(130,'J.Cuadrado',30,'Colombia',11,'5\'10','159lbs'),(112,'J.Giménez',23,'Uruguay',24,'6\'1','176lbs'),(83,'J.Kimmich',23,'Germany',18,'5\'9','154lbs'),(10,'J.Oblak',25,'Slovenia',1,'6\'2','192lbs'),(29,'J.Rodríguez',26,'Colombia',10,'5\'11','172lbs'),(52,'J.Vertonghen',31,'Belgium',5,'6\'2','190lbs'),(146,'Jonas',34,'Brazil',10,'5\'11','163lbs'),(50,'JordiAlba',29,'Spain',18,'5\'7','150lbs'),(122,'Jorginho',26,'Italy',8,'5\'11','148lbs'),(138,'JoséCallejón',31,'Spain',7,'5\'10','161lbs'),(106,'K.Benzema',30,'France',9,'6\'1','179lbs'),(5,'K.DeBruyne',27,'Belgium',7,'5\'11','154lbs'),(45,'K.Koulibaly',27,'Senegal',26,'6\'2','196lbs'),(89,'K.Manolas',27,'Greece',4,'6\'2','183lbs'),(26,'K.Mbappé',19,'France',10,'5\'10','161lbs'),(47,'K.Navas',31,'Costa Rica',1,'6\'1','176lbs'),(150,'K.Schmeichel',31,'Denmark',1,'6\'2','196lbs'),(136,'K.Walker',28,'England',2,'6\'0','154lbs'),(87,'Koke',26,'Spain',8,'5\'9','163lbs'),(71,'L.Bonucci',31,'Italy',19,'6\'3','187lbs'),(134,'L.Hrádecký',28,'Finland',1,'6\'4','187lbs'),(30,'L.Insigne',27,'Italy',10,'5\'4','130lbs'),(1,'L.Messi',31,'Argentina',10,'5\'7','159lbs'),(7,'L.Modrić',32,'Croatia',10,'5\'8','146lbs'),(56,'L.Sané',22,'Germany',19,'6\'0','165lbs'),(8,'L.Suárez',31,'Uruguay',9,'6\'0','190lbs'),(74,'M.Benatia',31,'Morocco',4,'6\'2','207lbs'),(125,'M.Depay',24,'Netherlands',10,'5\'9','172lbs'),(53,'M.Hamšík',30,'Slovakia',17,'6\'0','174lbs'),(35,'M.Hummels',29,'Germany',5,'6\'3','203lbs'),(44,'M.Icardi',25,'Argentina',9,'5\'11','165lbs'),(140,'M.Mandžukić',32,'Croatia',17,'6\'3','187lbs'),(23,'M.Neuer',32,'Germany',1,'6\'4','203lbs'),(75,'M.Özil',29,'Germany',10,'5\'11','168lbs'),(129,'M.Perin',25,'Italy',22,'6\'2','170lbs'),(73,'M.Pjanić',28,'Bosnia Herzegovina',5,'5\'10','159lbs'),(69,'M.Reus',29,'Germany',11,'5\'11','157lbs'),(27,'M.Salah',26,'Egypt',10,'5\'9','157lbs'),(78,'M.Škriniar',23,'Slovakia',37,'6\'2','176lbs'),(19,'M.terStegen',26,'Germany',22,'6\'2','187lbs'),(64,'M.Verratti',25,'Italy',6,'5\'5','132lbs'),(36,'Marcelo',30,'Brazil',12,'5\'9','176lbs'),(80,'MarcoAsensio',22,'Spain',10,'6\'0','168lbs'),(120,'Marquinhos',24,'Brazil',5,'6\'0','165lbs'),(105,'Miranda',33,'Brazil',23,'6\'1','172lbs'),(81,'N.Fekir',24,'France',18,'5\'8','165lbs'),(15,'N.Kanté',27,'France',13,'5\'6','159lbs'),(133,'N.Matić',29,'Serbia',31,'6\'4','187lbs'),(90,'N.Otamendi',30,'Argentina',30,'6\'0','179lbs'),(116,'N.Süle',22,'Germany',15,'6\'5','214lbs'),(103,'Naldo',35,'Brazil',29,'6\'6','201lbs'),(3,'NeymarJr',26,'Brazil',10,'5\'9','150lbs'),(34,'P.Aubameyang',29,'Gabon',14,'6\'2','176lbs'),(16,'P.Dybala',24,'Argentina',21,'5\'10','165lbs'),(46,'P.Pogba',25,'France',6,'6\'4','185lbs'),(91,'Parejo',29,'Spain',10,'6\'0','163lbs'),(92,'Paulinho',29,'Brazil',9,'6\'0','157lbs'),(109,'Pepe',35,'Portugal',3,'6\'2','179lbs'),(55,'Piqué',31,'Spain',3,'6\'4','187lbs'),(11,'R.Lewandowski',29,'Poland',9,'6\'0','176lbs'),(48,'R.Lukaku',25,'Belgium',9,'6\'3','207lbs'),(85,'R.Mahrez',27,'Algeria',26,'5\'10','148lbs'),(102,'R.Nainggolan',30,'Belgium',14,'5\'9','170lbs'),(61,'R.Sterling',23,'England',10,'5\'7','152lbs'),(63,'R.Varane',25,'France',4,'6\'3','179lbs'),(62,'RobertoFirmino',26,'Brazil',9,'5\'11','168lbs'),(24,'S.Agüero',30,'Argentina',10,'5\'8','154lbs'),(128,'S.deVrij',26,'Netherlands',14,'6\'2','172lbs'),(41,'S.Handanovič',33,'Slovenia',1,'6\'4','203lbs'),(100,'S.Khedira',31,'Germany',6,'6\'2','198lbs'),(59,'S.Mané',26,'Senegal',10,'5\'9','152lbs'),(79,'S.Milinković-Savić',23,'Serbia',21,'6\'3','168lbs'),(148,'S.Ruffier',31,'France',16,'6\'2','205lbs'),(43,'S.Umtiti',24,'France',23,'6\'0','165lbs'),(84,'Saúl',23,'Spain',6,'6\'0','170lbs'),(142,'SergioAsenjo',29,'Spain',1,'6\'2','192lbs'),(21,'SergioBusquets',29,'Spain',5,'6\'2','168lbs'),(9,'SergioRamos',32,'Spain',15,'6\'0','181lbs'),(147,'Sokratis',30,'Greece',19,'6\'1','187lbs'),(72,'T.Alderweireld',29,'Belgium',2,'6\'1','179lbs'),(20,'T.Courtois',26,'Belgium',1,'6\'6','212lbs'),(12,'T.Kroos',28,'Germany',8,'6\'0','168lbs'),(67,'T.Müller',28,'Germany',13,'6\'1','165lbs'),(68,'Thiago',27,'Spain',19,'5\'9','154lbs'),(40,'ThiagoSilva',33,'Brazil',2,'6\'0','181lbs'),(108,'V.Kompany',32,'Belgium',4,'6\'3','187lbs'),(60,'V.vanDijk',26,'Netherlands',4,'6\'4','203lbs'),(93,'W.Szczęsny',28,'Poland',1,'6\'5','198lbs'),(121,'WilliamCarvalho',26,'Portugal',14,'6\'2','183lbs'),(141,'Willian',29,'Brazil',22,'5\'9','172lbs'),(95,'Y.Brahimi',28,'Algeria',8,'5\'9','146lbs'),(110,'Z.Ibrahimović',36,'Sweden',9,'6\'5','209lbs');
/*!40000 ALTER TABLE `player_info` ENABLE KEYS */;
UNLOCK TABLES;

--
-- Table structure for table `salary_info`
--

DROP TABLE IF EXISTS `salary_info`;
/*!40101 SET @saved_cs_client     = @@character_set_client */;
/*!50503 SET character_set_client = utf8mb4 */;
CREATE TABLE `salary_info` (
  `index` bigint DEFAULT NULL,
  `ID` bigint NOT NULL,
  `Value` text,
  `Wage` text,
  `Release Clause` text,
  PRIMARY KEY (`ID`),
  KEY `ix_fifa19_salary_info_index` (`index`)
) ENGINE=InnoDB DEFAULT CHARSET=utf8mb4 COLLATE=utf8mb4_0900_ai_ci;
/*!40101 SET character_set_client = @saved_cs_client */;

--
-- Dumping data for table `salary_info`
--

LOCK TABLES `salary_info` WRITE;
/*!40000 ALTER TABLE `salary_info` DISABLE KEYS */;
INSERT INTO `salary_info` VALUES (77,41,'€21.5M','€21K','€26.9M'),(42,1179,'€4M','€77K','€7.4M'),(2,20801,'€77M','€405K','€127.1M'),(110,41236,'€14M','€15K','€21M'),(109,120533,'€9M','€57K','€17.1M'),(76,135507,'€18M','€185K','€33.3M'),(25,138956,'€27M','€215K','€44.6M'),(108,139720,'€22M','€170K','€40.7M'),(55,152729,'€34M','€240K','€69.7M'),(24,153079,'€64.5M','€300K','€119.3M'),(9,155862,'€51M','€380K','€104.6M'),(1,158023,'€110.5M','€565K','€226.5M'),(41,162835,'€30M','€110K','€51M'),(150,163587,'€19M','€78K','€36.1M'),(107,164169,'€21.5M','€81K','€44.1M'),(40,164240,'€24M','€165K','€44.4M'),(106,165153,'€37M','€240K','€75.9M'),(149,167397,'€25M','€115K','€47.5M'),(23,167495,'€38M','€130K','€62.7M'),(148,167628,'€19M','€41K','€36.1M'),(39,167664,'€57M','€245K',NULL),(38,167948,'€36M','€150K','€66.6M'),(14,168542,'€60M','€285K','€111M'),(105,168609,'€15.5M','€96K','€26.4M'),(54,168651,'€46.5M','€260K','€95.3M'),(104,170890,'€26M','€145K','€42.9M'),(53,171877,'€46.5M','€125K','€79.1M'),(103,171919,'€9M','€38K','€15.3M'),(52,172871,'€34M','€155K','€62.9M'),(147,172879,'€23M','€140K','€43.7M'),(37,173731,'€60M','€355K','€123M'),(51,175943,'€45M','€135K','€76.5M'),(8,176580,'€80M','€455K','€164M'),(75,176635,'€43.5M','€190K','€82.7M'),(36,176676,'€43M','€285K','€88.2M'),(146,176769,'€16.5M','€25K','€33M'),(7,177003,'€67M','€420K','€137.4M'),(145,177388,'€27.5M','€75K','€52.3M'),(144,177413,'€24M','€77K','€40.8M'),(74,177509,'€30M','€160K','€49.5M'),(102,178518,'€35.5M','€105K','€60.4M'),(143,178562,'€29M','€31K','€60.9M'),(35,178603,'€46M','€160K','€75.9M'),(142,178750,'€24M','€42K','€52.2M'),(22,179813,'€60M','€200K','€111M'),(101,179844,'€38.5M','€100K','€78.9M'),(100,179846,'€33M','€160K','€54.5M'),(73,180206,'€44M','€180K','€72.6M'),(141,180403,'€30.5M','€175K','€56.4M'),(99,180930,'€30.5M','€115K','€51.9M'),(98,181458,'€37.5M','€110K','€63.8M'),(140,181783,'€25M','€160K','€41.3M'),(97,181872,'€26M','€205K','€53.3M'),(13,182493,'€44M','€125K','€90.2M'),(12,182521,'€76.5M','€355K','€156.8M'),(6,183277,'€93M','€340K','€172.1M'),(139,183898,'€29.5M','€125K','€54.6M'),(96,183907,'€30M','€115K','€49.5M'),(72,184087,'€39M','€150K','€75.1M'),(95,184267,'€39M','€28K','€78M'),(71,184344,'€30M','€160K','€49.5M'),(70,184432,'€35M','€175K','€64.8M'),(94,184941,'€37.5M','€215K','€69.4M'),(138,185020,'€27.5M','€105K','€46.8M'),(93,186153,'€32M','€125K','€55.2M'),(137,186942,'€32M','€175K','€59.2M'),(92,187961,'€37M','€235K',NULL),(69,188350,'€43.5M','€100K','€74M'),(136,188377,'€24.5M','€165K','€45.3M'),(11,188545,'€77M','€205K','€127.1M'),(34,188567,'€59M','€265K','€112.1M'),(33,189242,'€69.5M','€340K','€147.7M'),(50,189332,'€38M','€250K','€77.9M'),(68,189509,'€45.5M','€130K','€75.1M'),(21,189511,'€51.5M','€315K','€105.6M'),(91,189513,'€37M','€66K','€77.7M'),(67,189596,'€45M','€135K','€74.3M'),(32,190460,'€73.5M','€205K','€141.5M'),(66,190483,'€46.5M','€175K','€76.7M'),(135,190584,'€31M','€51K','€65.1M'),(3,190871,'€118.5M','€290K','€228.1M'),(134,190941,'€22M','€74K','€37.4M'),(65,191043,'€36.5M','€160K','€60.2M'),(133,191202,'€24M','€165K','€44.4M'),(20,192119,'€53.5M','€240K','€113.7M'),(90,192366,'€28.5M','€170K','€52.7M'),(49,192387,'€52M','€115K','€88.4M'),(19,192448,'€58M','€240K','€123.3M'),(48,192505,'€62.5M','€230K','€120.3M'),(132,192563,'€27M','€115K','€53.3M'),(131,192629,'€30M','€45K','€63M'),(89,192774,'€37.5M','€96K','€66.6M'),(5,192985,'€102M','€355K','€196.4M'),(47,193041,'€30.5M','€195K','€62.5M'),(4,193080,'€72M','€260K','€138.6M'),(130,193082,'€29.5M','€150K','€48.7M'),(88,193301,'€45M','€180K','€88.9M'),(87,193747,'€45M','€88K','€95.6M'),(18,194765,'€78M','€145K','€165.8M'),(46,195864,'€64M','€210K','€123.2M'),(86,197445,'€38M','€110K','€65.6M'),(31,197781,'€73.5M','€315K','€156.2M'),(129,198009,'€29.5M','€105K','€50.9M'),(128,198176,'€31.5M','€88K','€55.9M'),(30,198219,'€62M','€165K','€105.4M'),(29,198710,'€69.5M','€315K',NULL),(127,199482,'€25M','€72K','€49.4M'),(64,199556,'€55M','€135K','€105.9M'),(126,200104,'€37M','€125K','€71.2M'),(28,200145,'€59.5M','€285K','€126.4M'),(10,200389,'€68M','€94K','€144.5M'),(45,201024,'€51M','€115K','€90.5M'),(44,201399,'€64.5M','€130K','€114.5M'),(63,201535,'€50M','€210K','€106.3M'),(62,201942,'€53M','€195K','€104.7M'),(17,202126,'€83.5M','€205K','€160.7M'),(125,202556,'€42M','€93K','€83M'),(61,202652,'€56.5M','€195K','€108.8M'),(60,203376,'€44.5M','€165K','€87.9M'),(85,204485,'€40.5M','€205K','€74.9M'),(124,204963,'€31.5M','€185K','€66.9M'),(123,204970,'€39M','€72K','€77M'),(122,205498,'€38M','€155K','€73.2M'),(43,205600,'€57M','€205K','€121.1M'),(121,207566,'€31.5M','€38K','€68.5M'),(120,207865,'€35.5M','€90K','€68.3M'),(84,208421,'€50.5M','€77K','€107.3M'),(59,208722,'€52M','€195K','€102.7M'),(27,209331,'€69.5M','€255K','€137.3M'),(119,209499,'€34M','€120K','€67.2M'),(58,210257,'€41.5M','€125K','€79.9M'),(16,211110,'€89M','€205K','€153.5M'),(118,211117,'€42.5M','€115K','€87.1M'),(117,211300,'€42.5M','€165K','€87.1M'),(116,212190,'€36.5M','€84K','€67.5M'),(115,212198,'€40.5M','€22K','€84M'),(114,212218,'€34M','€135K','€65.5M'),(113,212462,'€32M','€22K','€66.4M'),(83,212622,'€40.5M','€92K','€69.9M'),(82,212831,'€36.5M','€115K','€72.1M'),(15,215914,'€63M','€225K','€121.3M'),(112,216460,'€34M','€63K','€72.3M'),(81,216594,'€50M','€92K','€98.8M'),(57,218667,'€59.5M','€180K','€114.5M'),(111,220793,'€34M','€105K','€65.5M'),(80,220834,'€54M','€215K','€121.5M'),(56,222492,'€61M','€195K','€125.1M'),(79,223848,'€50.5M','€73K','€89.6M'),(26,231747,'€81M','€100K','€166.1M'),(78,232363,'€46.5M','€82K','€88.4M');
/*!40000 ALTER TABLE `salary_info` ENABLE KEYS */;
UNLOCK TABLES;

--
-- Table structure for table `team_info`
--

DROP TABLE IF EXISTS `team_info`;
/*!40101 SET @saved_cs_client     = @@character_set_client */;
/*!50503 SET character_set_client = utf8mb4 */;
CREATE TABLE `team_info` (
  `index` bigint DEFAULT NULL,
  `ID` bigint NOT NULL,
  `Name` varchar(100) DEFAULT NULL,
  `Club` text,
  `Position` text,
  `Joined Date` text,
  PRIMARY KEY (`ID`),
  UNIQUE KEY `Name_UNIQUE` (`Name`),
  KEY `ix_fifa19_team_info_index` (`index`),
  CONSTRAINT `fk_team_salary` FOREIGN KEY (`ID`) REFERENCES `salary_info` (`ID`) ON DELETE CASCADE ON UPDATE CASCADE
) ENGINE=InnoDB DEFAULT CHARSET=utf8mb4 COLLATE=utf8mb4_0900_ai_ci;
/*!40101 SET character_set_client = @saved_cs_client */;

--
-- Dumping data for table `team_info`
--

LOCK TABLES `team_info` WRITE;
/*!40000 ALTER TABLE `team_info` DISABLE KEYS */;
INSERT INTO `team_info` VALUES (77,41,'Iniesta','Vissel Kobe','LF','Jul 16, 2018'),(42,1179,'G.Buffon','Paris Saint-Germain','GK','Jul 6, 2018'),(2,20801,'CristianoRonaldo','Juventus','ST','Jul 10, 2018'),(110,41236,'Z.Ibrahimović','LA Galaxy','RS','Mar 23, 2018'),(109,120533,'Pepe','Beşiktaş JK','RCB','Jul 4, 2017'),(76,135507,'Fernandinho','Manchester City','CDM','Jul 1, 2013'),(25,138956,'G.Chiellini','Juventus','LCB','Jul 1, 2005'),(108,139720,'V.Kompany','Manchester City','CB','Aug 22, 2008'),(55,152729,'Piqué','FC Barcelona','RCB','Jul 1, 2008'),(24,153079,'S.Agüero','Manchester City','ST','Jul 28, 2011'),(9,155862,'SergioRamos','Real Madrid','RCB','Aug 1, 2005'),(1,158023,'L.Messi','FC Barcelona','RF','Jul 1, 2004'),(41,162835,'S.Handanovič','Inter','GK','Jul 1, 2012'),(150,163587,'K.Schmeichel','Leicester City','GK','Jun 1, 2011'),(107,164169,'FilipeLuís','Atlético Madrid','LB','Jul 28, 2015'),(40,164240,'ThiagoSilva','Paris Saint-Germain','RCB','Jul 1, 2012'),(106,165153,'K.Benzema','Real Madrid','ST','Jul 9, 2009'),(149,167397,'Falcao','AS Monaco','RS','Jul 1, 2013'),(23,167495,'M.Neuer','FC Bayern München','GK','Jul 1, 2011'),(148,167628,'S.Ruffier','AS Saint-Étienne','GK','Jul 11, 2011'),(39,167664,'G.Higuaín','Milan','LS',NULL),(38,167948,'H.Lloris','Tottenham Hotspur','GK','Aug 1, 2012'),(14,168542,'DavidSilva','Manchester City','LCM','Jul 14, 2010'),(105,168609,'Miranda','Inter','CB','Jul 1, 2017'),(54,168651,'I.Rakitić','FC Barcelona','RCM','Jul 1, 2014'),(104,170890,'B.Matuidi','Juventus','LM','Aug 18, 2017'),(53,171877,'M.Hamšík','Napoli','LCM','Jul 1, 2007'),(103,171919,'Naldo','FC Schalke 04','CB','Jul 1, 2016'),(52,172871,'J.Vertonghen','Tottenham Hotspur','LCB','Jul 1, 2012'),(147,172879,'Sokratis','Arsenal','RCB','Jul 2, 2018'),(37,173731,'G.Bale','Real Madrid','ST','Sep 2, 2013'),(51,175943,'D.Mertens','Napoli','RF','Jul 1, 2013'),(8,176580,'L.Suárez','FC Barcelona','RS','Jul 11, 2014'),(75,176635,'M.Özil','Arsenal','CAM','Sep 2, 2013'),(36,176676,'Marcelo','Real Madrid','LB','Jan 1, 2007'),(146,176769,'Jonas','SL Benfica','ST','Sep 12, 2014'),(7,177003,'L.Modrić','Real Madrid','RCM','Aug 1, 2012'),(145,177388,'D.Payet','Olympique de Marseille','CAM','Jan 30, 2017'),(144,177413,'A.Witsel','Borussia Dortmund','LCM','Aug 17, 2018'),(74,177509,'M.Benatia','Juventus','CB','Aug 26, 2014'),(102,178518,'R.Nainggolan','Inter','CAM','Jul 1, 2018'),(143,178562,'E.Banega','Sevilla FC','CDM','Jul 3, 2017'),(35,178603,'M.Hummels','FC Bayern München','LCB','Jul 1, 2016'),(142,178750,'SergioAsenjo','Villarreal CF','GK','Jun 30, 2014'),(22,179813,'E.Cavani','Paris Saint-Germain','LS','Jul 16, 2013'),(101,179844,'DiegoCosta','Atlético Madrid','LS','Jan 1, 2018'),(100,179846,'S.Khedira','Juventus','RCM','Jul 1, 2015'),(73,180206,'M.Pjanić','Juventus','CDM','Jul 1, 2016'),(141,180403,'Willian','Chelsea','RW','Aug 28, 2013'),(99,180930,'E.Džeko','Roma','ST','Jul 1, 2015'),(98,181458,'I.Perišić','Inter','LM','Sep 1, 2015'),(140,181783,'M.Mandžukić','Juventus','ST','Jul 1, 2015'),(97,181872,'A.Vidal','FC Barcelona','CAM','Aug 6, 2018'),(13,182493,'D.Godín','Atlético Madrid','CB','Aug 4, 2010'),(12,182521,'T.Kroos','Real Madrid','LCM','Jul 17, 2014'),(6,183277,'E.Hazard','Chelsea','LF','Jul 1, 2012'),(139,183898,'A.DiMaría','Paris Saint-Germain','RM','Aug 6, 2015'),(96,183907,'J.Boateng','FC Bayern München','RCB','Jul 14, 2011'),(72,184087,'T.Alderweireld','Tottenham Hotspur','RCB','Jul 8, 2015'),(95,184267,'Y.Brahimi','FC Porto','LM','Jul 22, 2014'),(71,184344,'L.Bonucci','Juventus','RCB','Aug 2, 2018'),(70,184432,'Azpilicueta','Chelsea','RB','Aug 24, 2012'),(94,184941,'A.Sánchez','Manchester United','RW','Jan 22, 2018'),(138,185020,'JoséCallejón','Napoli','RM','Jul 11, 2013'),(93,186153,'W.Szczęsny','Juventus','GK','Jul 19, 2017'),(137,186942,'I.Gündoğan','Manchester City','CM','Jul 1, 2016'),(92,187961,'Paulinho','Guangzhou Evergrande Taobao FC','LDM',NULL),(69,188350,'M.Reus','Borussia Dortmund','LM','Jul 1, 2012'),(136,188377,'K.Walker','Manchester City','RB','Jul 14, 2017'),(11,188545,'R.Lewandowski','FC Bayern München','ST','Jul 1, 2014'),(34,188567,'P.Aubameyang','Arsenal','LM','Jan 31, 2018'),(33,189242,'Coutinho','FC Barcelona','LW','Jan 6, 2018'),(50,189332,'JordiAlba','FC Barcelona','LB','Jul 1, 2012'),(68,189509,'Thiago','FC Bayern München','CM','Jul 14, 2013'),(21,189511,'SergioBusquets','FC Barcelona','CDM','Sep 1, 2008'),(91,189513,'Parejo','Valencia CF','RCM','Jul 1, 2011'),(67,189596,'T.Müller','FC Bayern München','CAM','Aug 10, 2008'),(32,190460,'C.Eriksen','Tottenham Hotspur','CAM','Aug 30, 2013'),(66,190483,'DouglasCosta','Juventus','LM','Jul 1, 2018'),(135,190584,'Illarramendi','Real Sociedad','RDM','Aug 26, 2015'),(3,190871,'NeymarJr','Paris Saint-Germain','LW','Aug 3, 2017'),(134,190941,'L.Hrádecký','Bayer 04 Leverkusen','GK','Jul 1, 2018'),(65,191043,'AlexSandro','Juventus','LB','Aug 21, 2015'),(133,191202,'N.Matić','Manchester United','CDM','Jul 31, 2017'),(20,192119,'T.Courtois','Real Madrid','GK','Aug 9, 2018'),(90,192366,'N.Otamendi','Manchester City','CB','Aug 20, 2015'),(49,192387,'C.Immobile','Lazio','ST','Jul 27, 2016'),(19,192448,'M.terStegen','FC Barcelona','GK','Jul 1, 2014'),(48,192505,'R.Lukaku','Manchester United','ST','Jul 10, 2017'),(132,192563,'B.Leno','Arsenal','GK','Jul 1, 2018'),(131,192629,'IagoAspas','RC Celta','ST','Jul 1, 2015'),(89,192774,'K.Manolas','Roma','LCB','Aug 26, 2014'),(5,192985,'K.DeBruyne','Manchester City','RCM','Aug 30, 2015'),(47,193041,'K.Navas','Real Madrid','GK','Aug 3, 2014'),(4,193080,'DeGea','Manchester United','GK','Jul 1, 2011'),(130,193082,'J.Cuadrado','Juventus','RAM','Feb 2, 2015'),(88,193301,'A.Lacazette','Arsenal','ST','Jul 5, 2017'),(87,193747,'Koke','Atlético Madrid','LM','Jan 1, 2011'),(18,194765,'A.Griezmann','Atlético Madrid','CAM','Jul 28, 2014'),(46,195864,'P.Pogba','Manchester United','RDM','Aug 9, 2016'),(86,197445,'D.Alaba','FC Bayern München','LB','Feb 10, 2010'),(31,197781,'Isco','Real Madrid','LW','Jul 3, 2013'),(129,198009,'M.Perin','Juventus','GK','Jul 1, 2018'),(128,198176,'S.deVrij','Inter','CB','Jul 1, 2018'),(30,198219,'L.Insigne','Napoli','LW','Jul 1, 2010'),(29,198710,'J.Rodríguez','FC Bayern München','LAM',NULL),(127,199482,'A.Lopes','Olympique Lyonnais','GK','Jul 1, 2011'),(64,199556,'M.Verratti','Paris Saint-Germain','LCM','Jul 18, 2012'),(126,200104,'H.Son','Tottenham Hotspur','LM','Aug 28, 2015'),(28,200145,'Casemiro','Real Madrid','CDM','Jul 11, 2013'),(10,200389,'J.Oblak','Atlético Madrid','GK','Jul 16, 2014'),(45,201024,'K.Koulibaly','Napoli','LCB','Jul 1, 2014'),(44,201399,'M.Icardi','Inter','ST','Jul 9, 2013'),(63,201535,'R.Varane','Real Madrid','RCB','Jul 1, 2011'),(62,201942,'RobertoFirmino','Liverpool','CAM','Jul 6, 2015'),(17,202126,'H.Kane','Tottenham Hotspur','ST','Jul 1, 2010'),(125,202556,'M.Depay','Olympique Lyonnais','ST','Jan 20, 2017'),(61,202652,'R.Sterling','Manchester City','RW','Jul 14, 2015'),(60,203376,'V.vanDijk','Liverpool','LCB','Jan 1, 2018'),(85,204485,'R.Mahrez','Manchester City','RW','Jul 10, 2018'),(124,204963,'Carvajal','Real Madrid','RB','Jul 5, 2013'),(123,204970,'F.Thauvin','Olympique de Marseille','RM','Jul 1, 2017'),(122,205498,'Jorginho','Chelsea','CM','Jul 16, 2018'),(43,205600,'S.Umtiti','FC Barcelona','CB','Jul 12, 2016'),(121,207566,'WilliamCarvalho','Real Betis','CDM','Jul 13, 2018'),(120,207865,'Marquinhos','Paris Saint-Germain','LDM','Jul 19, 2013'),(84,208421,'Saúl','Atlético Madrid','RCM','Jul 1, 2013'),(59,208722,'S.Mané','Liverpool','LM','Jul 1, 2016'),(27,209331,'M.Salah','Liverpool','RM','Jul 1, 2017'),(119,209499,'Fabinho','Liverpool','CDM','Jul 1, 2018'),(58,210257,'Ederson','Manchester City','GK','Jul 1, 2017'),(16,211110,'P.Dybala','Juventus','LF','Jul 1, 2015'),(118,211117,'D.Alli','Tottenham Hotspur','LCM','Feb 2, 2015'),(117,211300,'A.Martial','Manchester United','LW','Sep 1, 2015'),(116,212190,'N.Süle','FC Bayern München','CB','Jul 1, 2017'),(115,212198,'BrunoFernandes','Sporting CP','LCM','Jul 1, 2017'),(114,212218,'A.Laporte','Manchester City','LCB','Jan 30, 2018'),(113,212462,'AlexTelles','FC Porto','LB','Jul 13, 2016'),(83,212622,'J.Kimmich','FC Bayern München','RCM','Jul 1, 2015'),(82,212831,'Alisson','Liverpool','GK','Jul 19, 2018'),(15,215914,'N.Kanté','Chelsea','LDM','Jul 16, 2016'),(112,216460,'J.Giménez','Atlético Madrid','RCB','Jul 1, 2013'),(81,216594,'N.Fekir','Olympique Lyonnais','CAM','Jul 1, 2013'),(57,218667,'BernardoSilva','Manchester City','RW','Jul 1, 2017'),(111,220793,'D.Sánchez','Tottenham Hotspur','RCB','Aug 26, 2017'),(80,220834,'MarcoAsensio','Real Madrid','RW','Jul 1, 2015'),(56,222492,'L.Sané','Manchester City','LW','Aug 2, 2016'),(79,223848,'S.Milinković-Savić','Lazio','CM','Aug 6, 2015'),(26,231747,'K.Mbappé','Paris Saint-Germain','RM','Jul 1, 2018'),(78,232363,'M.Škriniar','Inter','LCB','Jul 7, 2017');
/*!40000 ALTER TABLE `team_info` ENABLE KEYS */;
UNLOCK TABLES;
/*!40103 SET TIME_ZONE=@OLD_TIME_ZONE */;

/*!40101 SET SQL_MODE=@OLD_SQL_MODE */;
/*!40014 SET FOREIGN_KEY_CHECKS=@OLD_FOREIGN_KEY_CHECKS */;
/*!40014 SET UNIQUE_CHECKS=@OLD_UNIQUE_CHECKS */;
/*!40101 SET CHARACTER_SET_CLIENT=@OLD_CHARACTER_SET_CLIENT */;
/*!40101 SET CHARACTER_SET_RESULTS=@OLD_CHARACTER_SET_RESULTS */;
/*!40101 SET COLLATION_CONNECTION=@OLD_COLLATION_CONNECTION */;
/*!40111 SET SQL_NOTES=@OLD_SQL_NOTES */;

-- Dump completed on 2020-04-25 15:07:50
